<addon id="repository.zarepo"
       name="Addie Streams"
       version="1.0.1"
       provider-name="Addie">
    <extension point="xbmc.addon.repository" name="AddieStreams">
    <dir>
        <info compressed="false">https://raw.githubusercontent.com/adenaan/stream/main/addons.xml</info>
        <checksum>https://raw.githubusercontent.com/adenaan/stream/main/addons.xml.md5</checksum>
        <datadir zip="true">https://raw.githubusercontent.com/adenaan/stream/main/zips/</datadir>
    </dir>
    </extension>
    <extension point="xbmc.addon.metadata">
        <summary lang="en_GB">ZA Kodi Add-ons Repository</summary>
        <description lang="en_GB">Repository for South Africa Kodi add-ons.</description>
        <platform>all</platform>
        <assets>
            <icon>icon.png</icon>
            <fanart>fanart.jpg</fanart>
        </assets>
    </extension>
</addon>